{
  "cifar10c_mce": 13.218133333333334,
  "cifar100c_mce": 37.99226666666666
}